{"cameraMode":{"drawMode":0,"name":"Shaded","section":"Shading Mode"},"sceneLighting":false,"audioPlay":false,"sceneViewState":{"m_AlwaysRefresh":false,"showFog":true,"showSkybox":false,"showFlares":true,"showImageEffects":true,"showParticleSystems":true,"showVisualEffectGraphs":true,"m_FxEnabled":true},"in2DMode":false,"pivot":{"x":4.5901947021484379,"y":0.4373963177204132,"z":3.844942092895508},"rotation":{"x":-0.17487704753875733,"y":-0.34415245056152346,"z":0.06540536880493164,"w":-0.9201664328575134},"size":1.5230724811553956,"orthographic":false}